email,name
s1@gmail.com,s1
s2@gmail.com,s2
s3@gmail.com,s3
s4@gmail.com,s4
s5@gmail.com,s5
s6@gmail.com,s6
s7@gmail.com,s7
s8@gmail.com,s8
s9@gmail.com,s9
s10@gmail.com,s10
s11@gmail.com,s11
s12@gmail.com,s12
s13@gmail.com,s13
s14@gmail.com,s14
s15@gmail.com,s15
s16@gmail.com,s16
s17@gmail.com,s17
s18@gmail.com,s18
s19@gmail.com,s19
s20@gmail.com,s20
s21@gmail.com,s21
s22@gmail.com,s22
s23@gmail.com,s23
s24@gmail.com,s24
s25@gmail.com,s25
s26@gmail.com,s26
s27@gmail.com,s27
s28@gmail.com,s28
s29@gmail.com,s29
s30@gmail.com,s30
s31@gmail.com,s31
s32@gmail.com,s32
s33@gmail.com,s33
s34@gmail.com,s34
s35@gmail.com,s35
s36@gmail.com,s36
s37@gmail.com,s37
s38@gmail.com,s38
s39@gmail.com,s39
s40@gmail.com,s40
s41@gmail.com,s41
s42@gmail.com,s42
s43@gmail.com,s43
s44@gmail.com,s44
s45@gmail.com,s45
s46@gmail.com,s46
s47@gmail.com,s47
s48@gmail.com,s48
s49@gmail.com,s49
s50@gmail.com,s50
s51@gmail.com,s51
s52@gmail.com,s52
s53@gmail.com,s53
s54@gmail.com,s54
s55@gmail.com,s55
s56@gmail.com,s56
s57@gmail.com,s57
s58@gmail.com,s58
s59@gmail.com,s59
s60@gmail.com,s60
s61@gmail.com,s61
s62@gmail.com,s62
s63@gmail.com,s63
s64@gmail.com,s64
s65@gmail.com,s65
s66@gmail.com,s66
s67@gmail.com,s67
s68@gmail.com,s68
s69@gmail.com,s69
s70@gmail.com,s70
s71@gmail.com,s71
s72@gmail.com,s72
s73@gmail.com,s73
s74@gmail.com,s74
s75@gmail.com,s75
s76@gmail.com,s76
s77@gmail.com,s77
s78@gmail.com,s78
s79@gmail.com,s79
s80@gmail.com,s80
s81@gmail.com,s81
s82@gmail.com,s82
s83@gmail.com,s83
s84@gmail.com,s84
s85@gmail.com,s85
s86@gmail.com,s86
s87@gmail.com,s87
s88@gmail.com,s88
s89@gmail.com,s89
s90@gmail.com,s90
s91@gmail.com,s91
s92@gmail.com,s92
s93@gmail.com,s93
s94@gmail.com,s94
s95@gmail.com,s95
s96@gmail.com,s96
s97@gmail.com,s97
s98@gmail.com,s98
s99@gmail.com,s99
s100@gmail.com,s100
s101@gmail.com,s101
s102@gmail.com,s102
s103@gmail.com,s103
s104@gmail.com,s104
s105@gmail.com,s105
s106@gmail.com,s106
s107@gmail.com,s107
s108@gmail.com,s108
s109@gmail.com,s109
s110@gmail.com,s110
s111@gmail.com,s111
s112@gmail.com,s112
s113@gmail.com,s113
s114@gmail.com,s114
s115@gmail.com,s115
s116@gmail.com,s116
s117@gmail.com,s117
s118@gmail.com,s118
s119@gmail.com,s119
s120@gmail.com,s120
s121@gmail.com,s121
s122@gmail.com,s122
s123@gmail.com,s123
s124@gmail.com,s124
s125@gmail.com,s125
s126@gmail.com,s126
s127@gmail.com,s127
s128@gmail.com,s128
s129@gmail.com,s129
s130@gmail.com,s130
s131@gmail.com,s131
s132@gmail.com,s132
s133@gmail.com,s133
s134@gmail.com,s134
s135@gmail.com,s135
s136@gmail.com,s136
s137@gmail.com,s137
s138@gmail.com,s138
s139@gmail.com,s139
s140@gmail.com,s140
s141@gmail.com,s141
s142@gmail.com,s142
s143@gmail.com,s143
s144@gmail.com,s144
s145@gmail.com,s145
s146@gmail.com,s146
s147@gmail.com,s147
s148@gmail.com,s148
s149@gmail.com,s149
s150@gmail.com,s150
s151@gmail.com,s151
s152@gmail.com,s152
s153@gmail.com,s153
s154@gmail.com,s154
s155@gmail.com,s155
s156@gmail.com,s156
s157@gmail.com,s157
s158@gmail.com,s158
s159@gmail.com,s159
s160@gmail.com,s160
s161@gmail.com,s161
s162@gmail.com,s162
s163@gmail.com,s163
s164@gmail.com,s164
s165@gmail.com,s165
s166@gmail.com,s166
s167@gmail.com,s167
s168@gmail.com,s168
s169@gmail.com,s169
s170@gmail.com,s170
s171@gmail.com,s171
s172@gmail.com,s172
s173@gmail.com,s173
s174@gmail.com,s174
s175@gmail.com,s175
s176@gmail.com,s176
s177@gmail.com,s177
s178@gmail.com,s178
s179@gmail.com,s179
s180@gmail.com,s180
s181@gmail.com,s181
s182@gmail.com,s182
s183@gmail.com,s183
s184@gmail.com,s184
s185@gmail.com,s185
s186@gmail.com,s186
s187@gmail.com,s187
s188@gmail.com,s188
s189@gmail.com,s189
s190@gmail.com,s190
s191@gmail.com,s191
s192@gmail.com,s192
s193@gmail.com,s193
s194@gmail.com,s194
s195@gmail.com,s195
s196@gmail.com,s196
s197@gmail.com,s197
s198@gmail.com,s198
s199@gmail.com,s199
s200@gmail.com,s200
s201@gmail.com,s201
s202@gmail.com,s202
s203@gmail.com,s203
s204@gmail.com,s204
s205@gmail.com,s205
s206@gmail.com,s206
s207@gmail.com,s207
s208@gmail.com,s208
s209@gmail.com,s209
s210@gmail.com,s210
s211@gmail.com,s211
s212@gmail.com,s212
s213@gmail.com,s213
s214@gmail.com,s214
s215@gmail.com,s215
s216@gmail.com,s216
s217@gmail.com,s217
s218@gmail.com,s218
s219@gmail.com,s219
s220@gmail.com,s220
s221@gmail.com,s221
s222@gmail.com,s222
s223@gmail.com,s223
s224@gmail.com,s224
s225@gmail.com,s225
s226@gmail.com,s226
s227@gmail.com,s227
s228@gmail.com,s228
s229@gmail.com,s229
s230@gmail.com,s230
s231@gmail.com,s231
s232@gmail.com,s232
s233@gmail.com,s233
s234@gmail.com,s234
s235@gmail.com,s235
s236@gmail.com,s236
s237@gmail.com,s237
s238@gmail.com,s238
s239@gmail.com,s239
s240@gmail.com,s240
s241@gmail.com,s241
s242@gmail.com,s242
s243@gmail.com,s243
s244@gmail.com,s244
s245@gmail.com,s245
s246@gmail.com,s246
s247@gmail.com,s247
s248@gmail.com,s248